{"peaceWatcherId":1,"currentLocation":[39.8539377889862,-76.15965371115676],"names":{"bettie_witting":-0.896994078645106,"burley":-0.7623484092358541},"keywords":["quis"],"timestamp":100612576}
{"peaceWatcherId":2,"currentLocation":[38.611892934787,-75.86068876029029],"names":{"harmon":0.1622637974065635,"porter":0.41050008417315675},"keywords":["dolor"],"timestamp":100143682}
{"peaceWatcherId":3,"currentLocation":[39.93922260758981,-76.69926808990716],"names":{"conradmraz":-0.5847960728049635,"darrick":0.4691074996170701},"keywords":["omnis"],"timestamp":100865528}
{"peaceWatcherId":4,"currentLocation":[39.87313274544191,-76.2628829943393],"names":{"bettyeortiz":-0.31093972878682985,"jett.smitham":0.9007289211352534},"keywords":["soluta"],"timestamp":100069711}
{"peaceWatcherId":5,"currentLocation":[39.17038601739974,-76.32915690193754],"names":{"joanie":0.0703277299096956,"gerda":0.4702207476223004},"keywords":["aperiam"],"timestamp":100833916}
{"peaceWatcherId":6,"currentLocation":[39.916181451325464,-75.27277300631101],"names":{"sydnie":-0.7238147416683527,"christophercasper":-0.5969940529748299},"keywords":[],"timestamp":100632784}
{"peaceWatcherId":7,"currentLocation":[38.448171101766384,-76.87479598316092],"names":{"jeanne":-0.9257243855528579,"raquel":0.6072438841482983},"keywords":["commodi","et","autem","illo","quasi","est","cum"],"timestamp":100424707}
{"peaceWatcherId":8,"currentLocation":[39.97479020903731,-75.51548022811053],"names":{"marques.hagenes":0.07885565139501649,"chauncey":-0.5777942294218898},"keywords":[],"timestamp":100184771}
{"peaceWatcherId":9,"currentLocation":[39.67373404159242,-75.51814595691003],"names":{"jules":-0.07226476162632967,"ashley":-0.2218438089299617},"keywords":["ducimus","sit","et","qui","voluptate","dolorem","voluptates","enim"],"timestamp":100341461}
{"peaceWatcherId":10,"currentLocation":[39.8553332950102,-76.29629581212673],"names":{"ezequiel":0.4243595022960125,"marcella":-0.45870984633252054},"keywords":["odit"],"timestamp":100027084}
{"peaceWatcherId":1,"currentLocation":[38.557530605427296,-77.9627376987345],"names":{"hunter":-0.46536568333010964,"obie":0.24804589761182028},"keywords":["sed","sint","nobis","quia","hic","eos","saepe","soluta"],"timestamp":100064033}
{"peaceWatcherId":2,"currentLocation":[38.304940672876754,-77.19842244830431],"names":{"emmanuel":0.42537862669751303,"patrickokon":0.9911759224247507},"keywords":["eos","dolores","impedit"],"timestamp":100206362}
{"peaceWatcherId":3,"currentLocation":[38.96109141402168,-76.34932985220773],"names":{"lawson.rutherford":0.20758312550348235,"aliza":0.9602412330640542},"keywords":["quisquam","molestias","reiciendis","delectus","illo","est","enim","aut","adipisci"],"timestamp":100189744}
{"peaceWatcherId":4,"currentLocation":[39.344103027274244,-75.8590950172526],"names":{"edythe":-0.9633510208512679,"chelsey":0.9387230110365035},"keywords":["atque","asperiores","corporis","doloremque","quae","qui","minus","atque"],"timestamp":100854617}
{"peaceWatcherId":5,"currentLocation":[39.20001163931571,-77.68386574342338],"names":{"myrna_mann":0.9330900732824248,"monica_ziemann":-0.5665888659404454},"keywords":["et","nihil","fugiat","neque","sed","quod"],"timestamp":100237866}
{"peaceWatcherId":6,"currentLocation":[39.651288248125766,-76.71505246317697],"names":{"rodger.lesch":0.6428957677603679,"ephraim_auer":0.24327871319596261},"keywords":["sit"],"timestamp":100216251}
{"peaceWatcherId":7,"currentLocation":[38.99730023066958,-76.93116972244307],"names":{"danika_hermiston":-0.2820036441037108,"barton":0.053761447867479495},"keywords":["sunt","eum"],"timestamp":100598012}
{"peaceWatcherId":8,"currentLocation":[38.40134580641057,-75.85443213102783],"names":{"ismaelmitchell":0.5692686398641242,"darron":0.004166295004959464},"keywords":["eos","dolorum","sunt"],"timestamp":100047636}
{"peaceWatcherId":9,"currentLocation":[38.23260651739918,-75.07915247388934],"names":{"carmelwuckert":-0.23044618978367737,"lamar":0.5355350542993955},"keywords":["aliquam","aut"],"timestamp":100127515}
{"peaceWatcherId":10,"currentLocation":[39.094130922161575,-76.73901603111963],"names":{"eloy":-0.26245213707929027,"albina":-0.3066510353230887},"keywords":["temporibus","sed","et","magnam"],"timestamp":100772554}
{"peaceWatcherId":1,"currentLocation":[39.602127115632825,-76.2521589776761],"names":{"alice.schuppe":-0.49728637049943014,"ashly":-0.39239728447854616},"keywords":["cupiditate","quia","officiis","at","modi","vero","et"],"timestamp":100407337}
{"peaceWatcherId":2,"currentLocation":[39.936170829804446,-76.76907378641998],"names":{"kaleigh":-0.808454424700848,"edythe":0.9387144791804811},"keywords":["sequi","consequuntur","facilis","voluptatem","corporis"],"timestamp":100691366}
{"peaceWatcherId":3,"currentLocation":[38.85110584155838,-75.00446245715358],"names":{"shawnaaufderhar":0.4251287799184771,"karleehomenick":0.0385464894873242},"keywords":[],"timestamp":100162791}
{"peaceWatcherId":4,"currentLocation":[38.437958231081716,-77.35583381751319],"names":{"adaline":0.5393904646933572,"geraldine.abshire":-0.9474802606875277},"keywords":["aut","est","dignissimos","fugit","eum","dolores","voluptas","sed"],"timestamp":100484677}
{"peaceWatcherId":5,"currentLocation":[39.066525213864374,-75.94579681399914],"names":{"astrid.schroeder":-0.5418408663516703,"citlalli":0.49500149883804023},"keywords":["recusandae","error","dignissimos","incidunt"],"timestamp":100005273}
{"peaceWatcherId":6,"currentLocation":[39.58790172396126,-77.90620490246849],"names":{"valerie":-0.5430553810296095,"shakira":-0.4893931292345737},"keywords":["nihil","qui","iusto","temporibus"],"timestamp":100212278}
{"peaceWatcherId":7,"currentLocation":[39.857329242163054,-77.14638768513673],"names":{"alexislegros":0.3605669045646056,"aaliyah_damore":-0.413943797585943},"keywords":["soluta","assumenda","reprehenderit","occaecati"],"timestamp":100322543}
{"peaceWatcherId":8,"currentLocation":[39.210713488882156,-77.70707209619455],"names":{"beaulah":0.3312944873090462,"rodjaskolski":-0.5626387480354276},"keywords":["in","distinctio","eveniet","ducimus","recusandae","non","adipisci"],"timestamp":100860334}
{"peaceWatcherId":9,"currentLocation":[38.16836298489847,-76.78863642882376],"names":{"lincoln":0.37786889508416,"yesenia_wolf":0.6487736878038135},"keywords":["blanditiis","temporibus","eum","ipsa","in","quos","et","porro","quisquam"],"timestamp":100463743}
{"peaceWatcherId":10,"currentLocation":[39.08332963049227,-75.09831771826703],"names":{"rebeccafisher":-0.27904677992247384,"lois_ohara":-0.9205043595525291},"keywords":[],"timestamp":100441738}
